Date,Equity,Cash,Positions
2020-01-01,100000.0,100000.0,0
2020-01-02,100000.0,100000.0,0
2020-01-03,100000.0,100000.0,0
2020-01-06,100000.0,100000.0,0
2020-01-07,100000.0,100000.0,0
2020-01-08,100000.0,100000.0,0
2020-01-09,100000.0,100000.0,0
2020-01-10,100000.0,100000.0,0
2020-01-13,100000.0,100000.0,0
2020-01-14,100000.0,100000.0,0
2020-01-15,100000.0,100000.0,0
2020-01-16,100000.0,100000.0,0
2020-01-17,100000.0,100000.0,0
2020-01-20,100000.0,100000.0,0
2020-01-21,100000.0,100000.0,0
2020-01-22,100000.0,100000.0,0
2020-01-23,100000.0,100000.0,0
2020-01-24,100000.0,100000.0,0
2020-01-27,100000.0,100000.0,0
2020-01-28,100000.0,100000.0,0
2020-01-29,100000.0,100000.0,0
2020-01-30,100000.0,100000.0,0
2020-01-31,100000.0,100000.0,0
2020-02-03,100000.0,100000.0,0
2020-02-04,100000.0,100000.0,0
2020-02-05,100000.0,100000.0,0
2020-02-06,100000.0,100000.0,0
2020-02-07,100000.0,100000.0,0
2020-02-10,100000.0,100000.0,0
2020-02-11,100000.0,100000.0,0
2020-02-12,100000.0,100000.0,0
2020-02-13,100000.0,100000.0,0
2020-02-14,100000.0,100000.0,0
2020-02-17,100000.0,100000.0,0
2020-02-18,100000.0,100000.0,0
2020-02-19,100000.0,100000.0,0
2020-02-20,100000.0,100000.0,0
2020-02-24,100000.0,100000.0,0
2020-02-25,100000.0,100000.0,0
2020-02-26,100000.0,100000.0,0
2020-02-27,100000.0,100000.0,0
2020-02-28,100000.0,100000.0,0
2020-03-02,100000.0,100000.0,0
2020-03-03,100000.0,100000.0,0
2020-03-04,100000.0,100000.0,0
2020-03-05,100000.0,100000.0,0
2020-03-06,100000.0,100000.0,0
2020-03-09,100000.0,100000.0,0
2020-03-11,100000.0,100000.0,0
2020-03-12,100000.0,100000.0,0
2020-03-13,100000.0,100000.0,0
2020-03-16,100000.0,100000.0,0
2020-03-17,100000.0,100000.0,0
2020-03-18,100000.0,100000.0,0
2020-03-19,100000.0,100000.0,0
2020-03-20,100000.0,100000.0,0
2020-03-23,100000.0,100000.0,0
2020-03-24,100000.0,100000.0,0
2020-03-25,100000.0,100000.0,0
2020-03-26,100000.0,100000.0,0
2020-03-27,100000.0,100000.0,0
2020-03-30,100000.0,100000.0,0
2020-03-31,100000.0,100000.0,0
2020-04-01,100000.0,100000.0,0
2020-04-03,100000.0,100000.0,0
2020-04-07,100000.0,100000.0,0
2020-04-08,100000.0,100000.0,0
2020-04-09,100000.0,100000.0,0
2020-04-13,100000.0,100000.0,0
2020-04-15,100000.0,100000.0,0
2020-04-16,100000.0,100000.0,0
2020-04-17,100000.0,100000.0,0
2020-04-20,100000.0,100000.0,0
2020-04-21,100000.0,100000.0,0
2020-04-22,100000.0,100000.0,0
2020-04-23,100000.0,100000.0,0
2020-04-24,100000.0,100000.0,0
2020-04-27,100000.0,100000.0,0
2020-04-28,100000.0,100000.0,0
2020-04-29,100000.0,100000.0,0
2020-04-30,100000.0,100000.0,0
2020-05-04,100000.0,100000.0,0
2020-05-05,100000.0,100000.0,0
2020-05-06,100000.0,100000.0,0
2020-05-07,100000.0,100000.0,0
2020-05-08,100000.0,100000.0,0
2020-05-11,100000.0,100000.0,0
2020-05-12,100000.0,100000.0,0
2020-05-13,100000.0,100000.0,0
2020-05-14,100000.0,100000.0,0
2020-05-15,100000.0,100000.0,0
2020-05-18,100000.0,100000.0,0
2020-05-19,100000.0,100000.0,0
2020-05-20,100000.0,100000.0,0
2020-05-21,100000.0,100000.0,0
2020-05-22,100000.0,100000.0,0
2020-05-26,100000.0,100000.0,0
2020-05-27,100000.0,100000.0,0
2020-05-28,100000.0,100000.0,0
2020-05-29,100000.0,100000.0,0
2020-06-01,100000.0,100000.0,0
2020-06-02,100000.0,100000.0,0
2020-06-03,100000.0,100000.0,0
2020-06-04,100000.0,100000.0,0
2020-06-05,100000.0,100000.0,0
2020-06-08,100000.0,100000.0,0
2020-06-09,100000.0,100000.0,0
2020-06-10,100000.0,100000.0,0
2020-06-11,100000.0,100000.0,0
2020-06-12,100000.0,100000.0,0
2020-06-15,100000.0,100000.0,0
2020-06-16,100000.0,100000.0,0
2020-06-17,100000.0,100000.0,0
2020-06-18,100000.0,100000.0,0
2020-06-19,100000.0,100000.0,0
2020-06-22,100000.0,100000.0,0
2020-06-23,100000.0,100000.0,0
2020-06-24,100000.0,100000.0,0
2020-06-25,100000.0,100000.0,0
2020-06-26,100000.0,100000.0,0
2020-06-29,100000.0,100000.0,0
2020-06-30,100000.0,100000.0,0
2020-07-01,100000.0,100000.0,0
2020-07-02,100000.0,100000.0,0
2020-07-03,100000.0,100000.0,0
2020-07-06,100000.0,100000.0,0
2020-07-07,100000.0,100000.0,0
2020-07-08,100000.0,100000.0,0
2020-07-09,100000.0,100000.0,0
2020-07-10,100000.0,100000.0,0
2020-07-13,100000.0,100000.0,0
2020-07-14,100000.0,100000.0,0
2020-07-15,100000.0,100000.0,0
2020-07-16,100000.0,100000.0,0
2020-07-17,100000.0,100000.0,0
2020-07-20,100000.0,100000.0,0
2020-07-21,100000.0,100000.0,0
2020-07-22,100000.0,100000.0,0
2020-07-23,100000.0,100000.0,0
2020-07-24,100000.0,100000.0,0
2020-07-27,100000.0,100000.0,0
2020-07-28,100000.0,100000.0,0
2020-07-29,100000.0,100000.0,0
2020-07-30,100000.0,100000.0,0
2020-07-31,100000.0,100000.0,0
2020-08-03,100000.0,100000.0,0
2020-08-04,100000.0,100000.0,0
2020-08-05,100000.0,100000.0,0
2020-08-06,100000.0,100000.0,0
2020-08-07,100000.0,100000.0,0
2020-08-10,100000.0,100000.0,0
2020-08-11,100000.0,100000.0,0
2020-08-12,100000.0,100000.0,0
2020-08-13,100000.0,100000.0,0
2020-08-14,100000.0,100000.0,0
2020-08-17,100000.0,100000.0,0
2020-08-18,100000.0,100000.0,0
2020-08-19,100000.0,100000.0,0
2020-08-20,100000.0,100000.0,0
2020-08-21,100000.0,100000.0,0
2020-08-24,100000.0,100000.0,0
2020-08-25,100000.0,100000.0,0
2020-08-26,100000.0,100000.0,0
2020-08-27,100000.0,100000.0,0
2020-08-28,100000.0,100000.0,0
2020-08-31,100000.0,100000.0,0
2020-09-01,100000.0,100000.0,0
2020-09-02,100000.0,100000.0,0
2020-09-03,100000.0,100000.0,0
2020-09-04,100000.0,100000.0,0
2020-09-07,100000.0,100000.0,0
2020-09-08,100000.0,100000.0,0
2020-09-09,100000.0,100000.0,0
2020-09-10,100000.0,100000.0,0
2020-09-11,100000.0,100000.0,0
2020-09-14,100000.0,100000.0,0
2020-09-15,100000.0,100000.0,0
2020-09-16,100000.0,100000.0,0
2020-09-17,100000.0,100000.0,0
2020-09-18,100000.0,100000.0,0
2020-09-21,100000.0,100000.0,0
2020-09-22,100000.0,100000.0,0
2020-09-23,100000.0,100000.0,0
2020-09-24,100000.0,100000.0,0
2020-09-25,100000.0,100000.0,0
2020-09-28,100000.0,100000.0,0
2020-09-29,100000.0,100000.0,0
2020-09-30,100000.0,100000.0,0
2020-10-01,100000.0,100000.0,0
2020-10-05,100000.0,100000.0,0
2020-10-06,100000.0,100000.0,0
2020-10-07,100000.0,100000.0,0
2020-10-08,100000.0,100000.0,0
2020-10-09,100000.0,100000.0,0
2020-10-12,100000.0,100000.0,0
2020-10-13,100000.0,100000.0,0
2020-10-14,100000.0,100000.0,0
2020-10-15,100000.0,100000.0,0
2020-10-16,100000.0,100000.0,0
2020-10-19,100000.0,100000.0,0
2020-10-20,100000.0,100000.0,0
2020-10-21,100000.0,100000.0,0
2020-10-22,100000.0,100000.0,0
2020-10-23,100000.0,100000.0,0
2020-10-26,100000.0,100000.0,0
2020-10-27,100000.0,100000.0,0
2020-10-28,100000.0,100000.0,0
2020-10-29,100000.0,100000.0,0
2020-10-30,100000.0,100000.0,0
2020-11-02,100000.0,100000.0,0
2020-11-03,100000.0,100000.0,0
2020-11-04,100000.0,100000.0,0
2020-11-05,100000.0,100000.0,0
2020-11-06,100000.0,100000.0,0
2020-11-09,100000.0,100000.0,0
2020-11-10,100000.0,100000.0,0
2020-11-11,100000.0,100000.0,0
2020-11-12,100000.0,100000.0,0
2020-11-13,100000.0,100000.0,0
2020-11-14,100000.0,100000.0,0
2020-11-17,100000.0,100000.0,0
2020-11-18,100000.0,100000.0,0
2020-11-19,100000.0,100000.0,0
2020-11-20,100000.0,100000.0,0
2020-11-23,100000.0,100000.0,0
2020-11-24,100000.0,100000.0,0
2020-11-25,100000.0,100000.0,0
2020-11-26,100000.0,100000.0,0
2020-11-27,100000.0,100000.0,0
2020-12-01,100000.0,100000.0,0
2020-12-02,100000.0,100000.0,0
2020-12-03,100000.0,100000.0,0
2020-12-04,100000.0,100000.0,0
2020-12-07,100000.0,100000.0,0
2020-12-08,100000.0,100000.0,0
2020-12-09,100000.0,100000.0,0
2020-12-10,100000.0,100000.0,0
2020-12-11,100000.0,100000.0,0
2020-12-14,100000.0,100000.0,0
2020-12-15,100000.0,100000.0,0
2020-12-16,100000.0,100000.0,0
2020-12-17,100000.0,100000.0,0
2020-12-18,100000.0,100000.0,0
2020-12-21,100000.0,100000.0,0
2020-12-22,100000.0,100000.0,0
2020-12-23,100000.0,100000.0,0
2020-12-24,100000.0,100000.0,0
2020-12-28,100000.0,100000.0,0
2020-12-29,100000.0,100000.0,0
2020-12-30,100000.0,100000.0,0
2020-12-31,100000.0,100000.0,0
2021-01-01,100000.0,100000.0,0
2021-01-04,100000.0,100000.0,0
2021-01-05,100577.4496459961,45211.23377227783,6
2021-01-06,101200.10001373291,35178.48377227783,7
2021-01-07,102560.01625823975,35178.48377227783,7
2021-01-08,103082.94951629639,35178.48377227783,7
2021-01-11,103194.81712341309,24964.08423614502,8
2021-01-12,102708.96802520752,14904.684394836426,9
2021-01-13,102189.70056915283,14904.684394836426,9
2021-01-14,102247.45063018799,14904.684394836426,9
2021-01-15,101332.90092468262,14904.684394836426,9
2021-01-18,99448.76824951172,14904.684394836426,9
2021-01-19,102248.55057525635,14904.684394836426,9
2021-01-20,102537.01668548584,14904.684394836426,9
2021-01-21,101113.75174713135,14904.684394836426,9
2021-01-22,101035.2677154541,14904.684394836426,9
2021-01-25,100540.21793365479,14904.684394836426,9
2021-01-27,99685.05052185059,14904.684394836426,9
2021-01-28,99070.14964294434,14904.684394836426,9
2021-01-29,98254.28505706787,14904.684394836426,9
2021-02-01,101444.51779937744,14904.684394836426,9
2021-02-02,102446.33475494385,14904.684394836426,9
2021-02-03,103304.31913757324,14904.684394836426,9
2021-02-04,104326.10154724121,14904.684394836426,9
2021-02-05,104309.60136413574,14904.684394836426,9
2021-02-08,104878.01732635498,14904.684394836426,9
2021-02-09,104461.39985656738,4598.334846496582,10
2021-02-10,105277.46702575684,4598.334846496582,10
2021-02-11,106121.20072174072,4598.334846496582,10
2021-02-12,105385.36714935303,4598.334846496582,10
2021-02-15,105477.61735534668,4598.334846496582,10
2021-02-16,106859.55152130127,4598.334846496582,10
2021-02-17,107430.81785583496,4598.334846496582,10
2021-02-18,107334.55115509033,4598.334846496582,10
2021-02-19,105686.0507888794,4598.334846496582,10
2021-02-22,104448.3017654419,4598.334846496582,10
2021-02-23,106260.90065002441,4598.334846496582,10
2021-02-24,106909.07843017578,2773.7089920043945,10
2021-02-25,108771.39073181152,2773.7089920043945,10
2021-02-26,105946.73181152344,2773.7089920043945,10
2021-03-01,107377.3046798706,2773.7089920043945,10
2021-03-02,109460.96411895752,2773.7089920043945,10
2021-03-03,111089.99520111084,2773.7089920043945,10
2021-03-04,110778.40787506104,2773.7089920043945,10
2021-03-05,108617.35440826416,2773.7089920043945,10
2021-03-08,107712.74300384521,2773.7089920043945,10
2021-03-09,106600.8871383667,2773.7089920043945,10
2021-03-10,107638.68878173828,2773.7089920043945,10
2021-03-12,106020.2674331665,2773.7089920043945,10
2021-03-15,105362.42462158203,2773.7089920043945,10
2021-03-16,105661.61260986328,2773.7089920043945,10
2021-03-17,103367.15690612793,2773.7089920043945,10
2021-03-18,102582.56469726562,2773.7089920043945,10
2021-03-19,102583.62032318115,2773.7089920043945,10
2021-03-22,103404.58962249756,2773.7089920043945,10
2021-03-23,103036.14108276367,2773.7089920043945,10
2021-03-24,101067.40756988525,2773.7089920043945,10
2021-03-25,99864.2011795044,2773.7089920043945,10
2021-03-26,102145.02857971191,2773.7089920043945,10
2021-03-30,103063.57215118408,2773.7089920043945,10
2021-03-31,104091.43841552734,2773.7089920043945,10
2021-04-01,106833.0863571167,2773.7089920043945,10
2021-04-05,107148.03147888184,2773.7089920043945,10
2021-04-06,107943.87355804443,2773.7089920043945,10
2021-04-07,108950.83743286133,2773.7089920043945,10
2021-04-08,111104.37789154053,2773.7089920043945,10
2021-04-09,110444.04972839355,2773.7089920043945,10
2021-04-12,106075.18180084229,2773.7089920043945,10
2021-04-13,108083.71867370605,2773.7089920043945,10
2021-04-15,108511.13891601562,2773.7089920043945,10
2021-04-16,109407.73992156982,2773.7089920043945,10
2021-04-19,106953.34104156494,2773.7089920043945,10
2021-04-20,107603.1583328247,2773.7089920043945,10
2021-04-22,108084.54959106445,2773.7089920043945,10
2021-04-23,107568.90473937988,2773.7089920043945,10
2021-04-26,109219.09782409668,2773.7089920043945,10
2021-04-27,110999.8618850708,2773.7089920043945,10
2021-04-28,110924.06162261963,2773.7089920043945,10
2021-04-29,111668.70272064209,2773.7089920043945,10
2021-04-30,110821.16735076904,2773.7089920043945,10
2021-05-03,111745.15117645264,2773.7089920043945,10
2021-05-04,110402.66784667969,2773.7089920043945,10
2021-05-05,111930.9553527832,2773.7089920043945,10
2021-05-06,114120.00017547607,2773.7089920043945,10
2021-05-07,115459.51555633545,2773.7089920043945,10
2021-05-10,117663.26627349854,2773.7089920043945,10
2021-05-11,117078.26287841797,2773.7089920043945,10
2021-05-12,115456.6781616211,2773.7089920043945,10
2021-05-14,112672.36183929443,2773.7089920043945,10
2021-05-17,114360.82639312744,2773.7089920043945,10
2021-05-18,117704.05556488037,2773.7089920043945,10
2021-05-19,117768.46974945068,2773.7089920043945,10
2021-05-20,116211.80459594727,2773.7089920043945,10
2021-05-21,116653.90325164795,2773.7089920043945,10
2021-05-24,116177.73378753662,2773.7089920043945,10
2021-05-25,116353.23417663574,2773.7089920043945,10
2021-05-26,115173.60475921631,2773.7089920043945,10
2021-05-27,115776.35220336914,2773.7089920043945,10
2021-05-28,114742.6354598999,2773.7089920043945,10
2021-05-31,115563.89656829834,2773.7089920043945,10
2021-06-01,115261.62196350098,2773.7089920043945,10
2021-06-02,116445.23179626465,2773.7089920043945,10
2021-06-03,117031.51781463623,2773.7089920043945,10
2021-06-04,117607.94394683838,2773.7089920043945,10
2021-06-07,119048.01189422607,2773.7089920043945,10
2021-06-08,118753.21305847168,2773.7089920043945,10
2021-06-09,118164.02366638184,2773.7089920043945,10
2021-06-10,119331.54148101807,2773.7089920043945,10
2021-06-11,120250.0917892456,2773.7089920043945,10
2021-06-14,120136.76895141602,2773.7089920043945,10
2021-06-15,120484.4705657959,2773.7089920043945,10
2021-06-16,118811.68636322021,2773.7089920043945,10
2021-06-17,117923.0447921753,2773.7089920043945,10
2021-06-18,117953.25270080566,2773.7089920043945,10
2021-06-21,118107.10545349121,2773.7089920043945,10
2021-06-22,118634.6654586792,2773.7089920043945,10
2021-06-23,119126.55242156982,2773.7089920043945,10
2021-06-24,119254.66062927246,2773.7089920043945,10
2021-06-25,120356.16778564453,2773.7089920043945,10
2021-06-28,120649.35567474365,2773.7089920043945,10
2021-06-29,119648.56288909912,2773.7089920043945,10
2021-06-30,119876.80499267578,2773.7089920043945,10
2021-07-01,120677.60789489746,2773.7089920043945,10
2021-07-02,119807.9453048706,2773.7089920043945,10
2021-07-05,120301.72718811035,2773.7089920043945,10
2021-07-06,120622.54265594482,2773.7089920043945,10
2021-07-07,122134.58238983154,2773.7089920043945,10
2021-07-08,121015.35332489014,2773.7089920043945,10
2021-07-09,121541.68282318115,2773.7089920043945,10
2021-07-12,122113.63680267334,2773.7089920043945,10
2021-07-13,122527.77684020996,2773.7089920043945,10
2021-07-14,122638.99570465088,2773.7089920043945,10
2021-07-15,123958.63398742676,2773.7089920043945,10
2021-07-16,124367.334815979,2773.7089920043945,10
2021-07-19,123340.63703155518,2773.7089920043945,10
2021-07-20,122269.04277801514,2773.7089920043945,10
2021-07-22,122756.52857208252,2773.7089920043945,10
2021-07-23,122564.3609085083,2773.7089920043945,10
2021-07-26,123976.1152267456,2773.7089920043945,10
2021-07-27,124554.16790771484,2773.7089920043945,10
2021-07-28,125058.65753936768,2773.7089920043945,10
2021-07-29,127430.36005401611,2773.7089920043945,10
2021-07-30,127814.5152130127,2773.7089920043945,10
2021-08-02,128515.88815307617,2773.7089920043945,10
2021-08-03,128965.82196807861,2773.7089920043945,10
2021-08-04,127867.87550354004,2773.7089920043945,10
2021-08-05,127891.74269104004,2773.7089920043945,10
2021-08-06,126915.5729598999,2773.7089920043945,10
2021-08-09,126059.03587341309,2773.7089920043945,10
2021-08-10,124478.55931854248,2773.7089920043945,10
2021-08-11,125824.11779022217,2773.7089920043945,10
2021-08-12,126472.47912597656,2773.7089920043945,10
2021-08-13,127008.39464569092,2773.7089920043945,10
2021-08-16,127313.88102722168,2773.7089920043945,10
2021-08-17,126800.86344146729,2773.7089920043945,10
2021-08-18,126649.60976409912,2773.7089920043945,10
2021-08-20,122976.57858276367,2773.7089920043945,10
2021-08-23,123324.1912612915,2773.7089920043945,10
2021-08-24,124716.69902801514,10153.708992004395,9
2021-08-25,126212.53086853027,10153.708992004395,9
2021-08-26,126438.9288406372,10153.708992004395,9
2021-08-27,128074.95208740234,10153.708992004395,9
2021-08-30,129680.07216644287,10153.708992004395,9
2021-08-31,130872.28517913818,10153.708992004395,9
2021-09-01,130547.15215301514,10153.708992004395,9
2021-09-02,132121.8634109497,10153.708992004395,9
2021-09-03,133851.524848938,10153.708992004395,9
2021-09-06,134365.22121429443,10153.708992004395,9
2021-09-07,134097.28226470947,10153.708992004395,9
2021-09-08,134038.28189849854,10153.708992004395,9
2021-09-09,134593.4694595337,10153.708992004395,9
2021-09-13,135317.60288238525,10153.708992004395,9
2021-09-14,135609.42101287842,10153.708992004395,9
2021-09-15,136769.7045059204,10153.708992004395,9
2021-09-16,136400.368019104,10153.708992004395,9
2021-09-17,134697.27210235596,10153.708992004395,9
2021-09-20,131116.2974319458,10153.708992004395,9
2021-09-21,132758.70095062256,10153.708992004395,9
2021-09-22,133738.6513595581,10153.708992004395,9
2021-09-23,135171.7742843628,10153.708992004395,9
2021-09-24,134134.71616363525,10153.708992004395,9
2021-09-27,133625.5417251587,10153.708992004395,9
2021-09-28,134036.69568634033,10153.708992004395,9
2021-09-29,135110.1230545044,10153.708992004395,9
2021-09-30,134200.94145965576,10153.708992004395,9
2021-10-01,134647.7695388794,10153.708992004395,9
2021-10-04,136830.12966156006,10153.708992004395,9
2021-10-05,136388.37775421143,10153.708992004395,9
2021-10-06,133729.8077468872,10153.708992004395,9
2021-10-07,135060.15933990479,10153.708992004395,9
2021-10-08,135188.19289398193,10153.708992004395,9
2021-10-11,137489.99898529053,10153.708992004395,9
2021-10-12,138140.0032272339,10153.708992004395,9
2021-10-13,140508.05936431885,10153.708992004395,9
2021-10-14,142661.4648513794,10153.708992004395,9
2021-10-18,144820.86450958252,10153.708992004395,9
2021-10-19,141242.82721710205,10153.708992004395,9
2021-10-20,138627.51224517822,10153.708992004395,9
2021-10-21,135830.69760894775,10153.708992004395,9
2021-10-22,133402.42711639404,10153.708992004395,9
2021-10-25,132901.0715560913,10153.708992004395,9
2021-10-26,135289.4990158081,10153.708992004395,9
2021-10-27,135288.247505188,10153.708992004395,9
2021-10-28,133394.19235992432,10153.708992004395,9
2021-10-29,134027.32120513916,10153.708992004395,9
2021-11-01,136207.4182662964,19680.009162902832,8
2021-11-02,135422.16553497314,19680.009162902832,8
2021-11-03,136446.4839401245,19680.009162902832,8
2021-11-04,136725.02040863037,19680.009162902832,8
2021-11-08,139211.41828155518,19680.009162902832,8
2021-11-09,138655.9554901123,5767.809562683104,9
2021-11-10,137146.50783538818,5767.809562683104,9
2021-11-11,137044.45706939697,5767.809562683104,9
2021-11-12,138949.85484313965,5767.809562683104,9
2021-11-15,137148.72622680664,5767.809562683104,9
2021-11-16,135423.00156402588,5767.809562683104,9
2021-11-17,135486.5412979126,5767.809562683104,9
2021-11-18,133669.563621521,5767.809562683104,9
2021-11-22,130253.99461364746,5767.809562683104,9
2021-11-23,132875.61740112305,5767.809562683104,9
2021-11-24,132828.13528442383,5767.809562683104,9
2021-11-25,132779.2336807251,5767.809562683104,9
2021-11-26,127215.35488891602,5767.809562683104,9
2021-11-29,126449.15249633789,29358.509155273438,7
2021-11-30,127452.90104675293,29358.509155273438,7
2021-12-01,127732.1962890625,29358.509155273438,7
2021-12-02,129169.6328125,29358.509155273438,7
2021-12-03,128790.87716674805,29358.509155273438,7
2021-12-06,127830.80989074707,29358.509155273438,7
2021-12-07,129175.37902832031,29358.509155273438,7
2021-12-08,131095.33030700684,29358.509155273438,7
2021-12-09,131258.01306152344,29358.509155273438,7
2021-12-10,130915.35888671875,29358.509155273438,7
2021-12-13,131570.63609313965,29358.509155273438,7
2021-12-14,130714.80282592773,29358.509155273438,7
2021-12-15,130161.19355773926,16308.509155273438,8
2021-12-16,128377.45315551758,16308.509155273438,8
2021-12-17,127139.53468322754,16308.509155273438,8
2021-12-20,123947.73377990723,16308.509155273438,8
2021-12-21,125261.8046875,41835.85821533203,6
2021-12-22,127051.17953491211,41835.85821533203,6
2021-12-23,127481.45416259766,41835.85821533203,6
2021-12-24,126363.41049194336,41835.85821533203,6
2021-12-27,126769.89942932129,41835.85821533203,6
2021-12-28,127910.79791259766,41835.85821533203,6
2021-12-29,128424.66200256348,41835.85821533203,6
2021-12-30,126959.21434020996,41835.85821533203,6
2021-12-31,128784.21467590332,41835.85821533203,6
2022-01-03,129166.91389465332,41835.85821533203,6
2022-01-04,129439.19641113281,41835.85821533203,6
2022-01-05,129330.79066467285,41835.85821533203,6
2022-01-06,128899.85443115234,41835.85821533203,6
2022-01-07,129477.78163146973,41835.85821533203,6
2022-01-10,129459.07472229004,41835.85821533203,6
2022-01-11,130357.4517364502,41835.85821533203,6
2022-01-12,131506.0721435547,41835.85821533203,6
2022-01-13,132252.69834899902,41835.85821533203,6
2022-01-14,133813.91235351562,41835.85821533203,6
2022-01-17,135102.07508850098,41835.85821533203,6
2022-01-18,134412.50701904297,41835.85821533203,6
2022-01-19,135321.76669311523,41835.85821533203,6
2022-01-20,135549.89347839355,41835.85821533203,6
2022-01-21,133865.4211883545,41835.85821533203,6
2022-01-24,130053.19274902344,41835.85821533203,6
2022-01-25,131537.85104370117,41835.85821533203,6
2022-01-27,131546.55828857422,33179.85821533203,7
2022-01-28,132373.82466125488,33179.85821533203,7
2022-01-31,132539.7214202881,33179.85821533203,7
2022-02-01,134219.5594177246,6464.258590698242,9
2022-02-02,135821.32974243164,6464.258590698242,9
2022-02-03,135314.67030334473,6464.258590698242,9
2022-02-04,135156.4691619873,6464.258590698242,9
2022-02-07,136788.53440856934,6464.258590698242,9
2022-02-08,137194.6600189209,6464.258590698242,9
2022-02-09,137072.96836853027,6464.258590698242,9
2022-02-10,137036.82070922852,6464.258590698242,9
2022-02-11,136736.0596923828,6464.258590698242,9
2022-02-14,131867.48263549805,6464.258590698242,9
2022-02-15,134579.70458984375,6464.258590698242,9
2022-02-16,134174.748046875,6464.258590698242,9
2022-02-17,135102.7097015381,6464.258590698242,9
2022-02-18,135032.44667053223,6464.258590698242,9
2022-02-21,132671.21968078613,6464.258590698242,9
2022-02-22,133052.81425476074,6464.258590698242,9
2022-02-23,134283.5294494629,6464.258590698242,9
2022-02-24,128418.57891082764,6464.258590698242,9
2022-02-25,133798.8699645996,6464.258590698242,9
2022-02-28,136090.74420166016,6464.258590698242,9
2022-03-02,136460.7039794922,6464.258590698242,9
2022-03-03,136965.51571655273,6464.258590698242,9
2022-03-04,133582.47984313965,6464.258590698242,9
2022-03-07,131005.4351196289,13456.258590698242,8
2022-03-08,131777.0580291748,13456.258590698242,8
2022-03-09,133239.35905456543,13456.258590698242,8
2022-03-10,134721.16064453125,13456.258590698242,8
2022-03-11,135252.7384185791,13456.258590698242,8
2022-03-14,134834.79571533203,916.2585906982422,9
2022-03-15,133708.8087158203,916.2585906982422,9
2022-03-16,135083.03173828125,916.2585906982422,9
2022-03-17,136400.52687072754,916.2585906982422,9
2022-03-21,135943.2322845459,916.2585906982422,9
2022-03-22,136164.50578308105,916.2585906982422,9
2022-03-23,136870.83171081543,916.2585906982422,9
2022-03-24,137157.5919342041,916.2585906982422,9
2022-03-25,137146.12158203125,916.2585906982422,9
2022-03-28,138106.6640625,12931.708297729492,8
2022-03-29,138563.91465759277,12931.708297729492,8
2022-03-30,137801.19537353516,12931.708297729492,8
2022-03-31,136261.81323242188,12931.708297729492,8
2022-04-01,137812.16081237793,12931.708297729492,8
2022-04-04,140926.8916168213,12931.708297729492,8
2022-04-05,141535.3977508545,12931.708297729492,8
2022-04-06,142830.25151062012,12931.708297729492,8
2022-04-07,143168.18495178223,12931.708297729492,8
2022-04-08,145131.84339904785,12931.708297729492,8
2022-04-11,148392.54747009277,12931.708297729492,8
2022-04-12,148556.61004638672,12931.708297729492,8
2022-04-13,150093.96534729004,12931.708297729492,8
2022-04-18,150960.03074645996,12931.708297729492,8
2022-04-19,149094.15812683105,12931.708297729492,8
2022-04-20,148986.65170288086,12931.708297729492,8
2022-04-21,149053.08569335938,12931.708297729492,8
2022-04-22,147094.911819458,12931.708297729492,8
2022-04-25,145639.4818725586,12931.708297729492,8
2022-04-26,148369.16777038574,12931.708297729492,8
2022-04-27,146441.6150970459,12931.708297729492,8
2022-04-28,147490.62078857422,12931.708297729492,8
2022-04-29,146188.89782714844,12931.708297729492,8
2022-05-02,145904.2725982666,12931.708297729492,8
2022-05-04,141148.8087463379,12931.708297729492,8
2022-05-05,142416.61514282227,30321.708297729492,7
2022-05-06,141489.8547821045,30321.708297729492,7
2022-05-09,139170.79306030273,30321.708297729492,7
2022-05-10,136272.24909973145,30321.708297729492,7
2022-05-11,136703.17832946777,41265.70829772949,6
2022-05-12,133621.94117736816,41265.70829772949,6
2022-05-13,131945.39749145508,41265.70829772949,6
2022-05-16,134059.8271331787,64881.70829772949,4
2022-05-17,134732.52899169922,64881.70829772949,4
2022-05-18,135766.8360748291,64881.70829772949,4
2022-05-19,133746.9281616211,64881.70829772949,4
2022-05-20,135217.3750152588,51545.3328704834,5
2022-05-23,134179.267868042,51545.3328704834,5
2022-05-24,133283.8543701172,51545.3328704834,5
2022-05-25,132743.10585021973,51545.3328704834,5
2022-05-26,132147.83514404297,51545.3328704834,5
2022-05-27,133021.4359741211,51545.3328704834,5
2022-05-30,132583.63334655762,51545.3328704834,5
2022-05-31,130157.36546325684,38571.98271179199,6
2022-06-01,131361.3059387207,38571.98271179199,6
2022-06-02,132861.36642456055,38571.98271179199,6
2022-06-03,131211.2752532959,38571.98271179199,6
2022-06-06,130915.1629486084,38571.98271179199,6
2022-06-07,131432.0943145752,38571.98271179199,6
2022-06-08,130912.86479187012,38571.98271179199,6
2022-06-09,131247.51202392578,38571.98271179199,6
2022-06-10,130820.72589111328,38571.98271179199,6
2022-06-13,128610.16889953613,54130.73271179199,5
2022-06-14,129815.41496276855,54130.73271179199,5
2022-06-15,129967.0467376709,54130.73271179199,5
2022-06-16,128677.79586791992,54130.73271179199,5
2022-06-17,128078.1890258789,67013.93290710449,4
2022-06-20,127373.68283081055,67013.93290710449,4
2022-06-21,127772.16563415527,67013.93290710449,4
2022-06-22,127256.76947021484,67013.93290710449,4
2022-06-23,128034.75883483887,67013.93290710449,4
2022-06-24,129527.40213012695,67013.93290710449,4
2022-06-27,130501.13340759277,67013.93290710449,4
2022-06-28,130781.03285217285,67013.93290710449,4
2022-06-29,130976.34931945801,67013.93290710449,4
2022-06-30,130681.17636108398,67013.93290710449,4
2022-07-01,131138.5307006836,67013.93290710449,4
2022-07-04,131101.1330718994,67013.93290710449,4
2022-07-05,130916.42227172852,67013.93290710449,4
2022-07-06,132062.68461608887,67013.93290710449,4
2022-07-07,133137.19541931152,67013.93290710449,4
2022-07-08,133639.5417175293,67013.93290710449,4
2022-07-11,134227.9472503662,54475.62431335449,5
2022-07-12,133503.70516967773,54475.62431335449,5
2022-07-13,134044.32954406738,54475.62431335449,5
2022-07-14,133322.67570495605,54475.62431335449,5
2022-07-15,134440.06512451172,54475.62431335449,5
2022-07-18,135936.00080871582,54475.62431335449,5
2022-07-19,136570.56282043457,41748.62431335449,6
2022-07-20,136845.4228515625,41748.62431335449,6
2022-07-21,138872.8049468994,41748.62431335449,6
2022-07-22,138390.87550354004,41748.62431335449,6
2022-07-25,137854.4695892334,41748.62431335449,6
2022-07-26,137479.6798095703,41748.62431335449,6
2022-07-27,137984.77522277832,41748.62431335449,6
2022-07-28,138402.95803833008,41748.62431335449,6
2022-07-29,139201.6537475586,41748.62431335449,6
2022-08-01,142325.27966308594,41748.62431335449,6
2022-08-02,142063.17436218262,32763.624313354492,7
2022-08-03,141116.31393432617,4575.624313354492,9
2022-08-04,142830.86712646484,4575.624313354492,9
2022-08-05,142290.9482574463,4575.624313354492,9
2022-08-08,143967.00788879395,4575.624313354492,9
2022-08-10,143778.50440979004,4575.624313354492,9
2022-08-11,145417.96528625488,4575.624313354492,9
2022-08-12,146291.88320922852,4575.624313354492,9
2022-08-16,147680.98135375977,4575.624313354492,9
2022-08-17,148202.80906677246,4575.624313354492,9
2022-08-18,147379.52458190918,4575.624313354492,9
2022-08-19,144045.36282348633,4575.624313354492,9
2022-08-22,141947.57511901855,4575.624313354492,9
2022-08-23,145649.95330810547,4575.624313354492,9
2022-08-24,146781.3563079834,4575.624313354492,9
2022-08-25,147261.28311157227,4575.624313354492,9
2022-08-26,148834.17227172852,4575.624313354492,9
2022-08-29,147728.5617828369,4575.624313354492,9
2022-08-30,150609.47927856445,4575.624313354492,9
2022-09-01,152769.107421875,4575.624313354492,9
2022-09-02,152304.2237701416,4575.624313354492,9
2022-09-05,153803.21461486816,4575.624313354492,9
2022-09-06,154800.9557647705,4575.624313354492,9
2022-09-07,154626.89085388184,4575.624313354492,9
2022-09-08,156581.31816101074,4575.624313354492,9
2022-09-09,155751.84788513184,4575.624313354492,9
2022-09-12,156575.85668945312,4575.624313354492,9
2022-09-13,157314.53511047363,4575.624313354492,9
2022-09-14,157912.8028564453,4575.624313354492,9
2022-09-15,158272.9620361328,4575.624313354492,9
2022-09-16,155915.34226989746,4575.624313354492,9
2022-09-19,157102.65238952637,4575.624313354492,9
2022-09-20,158646.8565826416,4575.624313354492,9
2022-09-21,158514.58058166504,4575.624313354492,9
2022-09-22,159708.7903289795,4575.624313354492,9
2022-09-23,156107.2917175293,4575.624313354492,9
2022-09-26,149709.4948272705,4575.624313354492,9
2022-09-27,148090.72709655762,4575.624313354492,9
2022-09-28,146760.00888061523,4575.624313354492,9
2022-09-29,147733.58195495605,4575.624313354492,9
2022-09-30,150211.14790344238,4575.624313354492,9
2022-10-03,147915.1085357666,4575.624313354492,9
2022-10-04,152995.80293273926,4575.624313354492,9
2022-10-06,154374.53414916992,4575.624313354492,9
2022-10-07,154577.2543182373,4575.624313354492,9
2022-10-10,151856.61573791504,4575.624313354492,9
2022-10-11,148979.7788848877,4575.624313354492,9
2022-10-12,151050.03276062012,4575.624313354492,9
2022-10-13,149478.30154418945,4575.624313354492,9
2022-10-14,148378.4658355713,4575.624313354492,9
2022-10-17,149214.21546936035,4575.624313354492,9
2022-10-18,152823.91944885254,4575.624313354492,9
2022-10-19,153039.1290588379,4575.624313354492,9
2022-10-20,154329.02305603027,4575.624313354492,9
2022-10-21,153400.86769104004,4575.624313354492,9
2022-10-24,154583.93214416504,4575.624313354492,9
2022-10-25,156229.43043518066,4575.624313354492,9
2022-10-27,158311.78399658203,4575.624313354492,9
2022-10-28,158156.34771728516,4575.624313354492,9
2022-10-31,160168.81573486328,4575.624313354492,9
2022-11-01,162024.69841003418,4575.624313354492,9
2022-11-02,161723.3328857422,4575.624313354492,9
2022-11-03,163666.7862701416,4575.624313354492,9
2022-11-04,161856.98066711426,4575.624313354492,9
2022-11-07,165408.45028686523,4575.624313354492,9
2022-11-09,167205.51515197754,4575.624313354492,9
2022-11-10,165496.1964263916,4575.624313354492,9
2022-11-11,163951.20613098145,4575.624313354492,9
2022-11-14,163216.47247314453,4575.624313354492,9
2022-11-15,163409.36891174316,4575.624313354492,9
2022-11-16,164610.99018859863,4575.624313354492,9
2022-11-17,165195.4507446289,4575.624313354492,9
2022-11-18,163041.9132080078,4575.624313354492,9
2022-11-21,160750.3116607666,4575.624313354492,9
2022-11-22,163796.73219299316,4575.624313354492,9
2022-11-23,164605.9895324707,4575.624313354492,9
2022-11-24,166050.1088104248,4575.624313354492,9
2022-11-25,164900.27890014648,4575.624313354492,9
2022-11-28,165565.2726135254,4575.624313354492,9
2022-11-29,164379.56295776367,4575.624313354492,9
2022-11-30,167208.98669433594,4575.624313354492,9
2022-12-01,168673.96231079102,4575.624313354492,9
2022-12-02,169643.78366088867,4575.624313354492,9
2022-12-05,170824.22114562988,4575.624313354492,9
2022-12-06,170024.81916809082,4575.624313354492,9
2022-12-07,171412.18965148926,4575.624313354492,9
2022-12-08,175711.70106506348,4575.624313354492,9
2022-12-09,177569.1573638916,4575.624313354492,9
2022-12-12,176828.18000793457,4575.624313354492,9
2022-12-13,177809.73220825195,4575.624313354492,9
2022-12-14,178170.7392730713,4575.624313354492,9
2022-12-15,174708.01914978027,4575.624313354492,9
2022-12-16,172233.59028625488,4575.624313354492,9
2022-12-19,174568.14710998535,4575.624313354492,9
2022-12-20,174506.95503234863,4575.624313354492,9
2022-12-21,170884.8225250244,4575.624313354492,9
2022-12-22,169964.27281188965,12932.274703979492,8
2022-12-23,164236.9453277588,12932.274703979492,8
2022-12-26,168918.8017425537,12932.274703979492,8
2022-12-27,168377.224899292,12932.274703979492,8
2022-12-28,169841.9568939209,12932.274703979492,8
2022-12-29,171348.5764465332,12932.274703979492,8
2022-12-30,170334.32516479492,12932.274703979492,8
2023-01-02,171094.13139343262,12932.274703979492,8
2023-01-03,170689.17901611328,12932.274703979492,8
2023-01-04,168746.48844909668,12932.274703979492,8
2023-01-05,170469.7949371338,12932.274703979492,8
2023-01-06,170284.8521270752,12932.274703979492,8
2023-01-09,172184.32572937012,12932.274703979492,8
2023-01-10,170084.49404907227,12932.274703979492,8
2023-01-11,169239.57063293457,12932.274703979492,8
2023-01-12,168817.94705200195,12932.274703979492,8
2023-01-13,168282.23280334473,12932.274703979492,8
2023-01-16,170345.6796875,12932.274703979492,8
2023-01-17,170170.33535766602,12932.274703979492,8
2023-01-18,170207.5982208252,12932.274703979492,8
2023-01-19,169778.30151367188,12932.274703979492,8
2023-01-20,170048.00215148926,12932.274703979492,8
2023-01-23,170462.6290435791,12932.274703979492,8
2023-01-24,169628.7770690918,12932.274703979492,8
2023-01-25,166551.52151489258,12932.274703979492,8
2023-01-27,162845.40406799316,12932.274703979492,8
2023-01-30,160871.24641418457,12932.274703979492,8
2023-01-31,163659.78364562988,33701.27540588379,7
2023-02-01,161276.8039703369,33701.27540588379,7
2023-02-02,161705.98780822754,33701.27540588379,7
2023-02-03,164939.40730285645,33701.27540588379,7
2023-02-06,167714.6320953369,33701.27540588379,7
2023-02-07,169353.00178527832,33701.27540588379,7
2023-02-08,169885.17207336426,33701.27540588379,7
2023-02-09,170357.47895812988,33701.27540588379,7
2023-02-10,170425.20448303223,33701.27540588379,7
2023-02-13,169666.17762756348,33701.27540588379,7
2023-02-14,170723.91731262207,33701.27540588379,7
2023-02-15,172122.26594543457,33701.27540588379,7
2023-02-16,172160.39460754395,33701.27540588379,7
2023-02-17,170876.8740386963,33701.27540588379,7
2023-02-20,170899.76899719238,33701.27540588379,7
2023-02-21,170335.63954162598,33701.27540588379,7
2023-02-22,168744.4585723877,33701.27540588379,7
2023-02-23,168554.17274475098,33701.27540588379,7
2023-02-24,167244.71937561035,33701.27540588379,7
2023-02-27,167481.98725891113,33701.27540588379,7
2023-02-28,167925.1027984619,33701.27540588379,7
2023-03-01,170714.36793518066,33701.27540588379,7
2023-03-02,169655.1109161377,33701.27540588379,7
2023-03-03,172810.28926086426,33701.27540588379,7
2023-03-06,173463.6768951416,33701.27540588379,7
2023-03-08,174847.87287902832,33701.27540588379,7
2023-03-09,173634.30793762207,33701.27540588379,7
2023-03-10,172464.42695617676,33701.27540588379,7
2023-03-13,169867.97731018066,33701.27540588379,7
2023-03-14,169395.87617492676,49201.176040649414,6
2023-03-15,169700.44258117676,49201.176040649414,6
2023-03-16,168492.54859924316,49201.176040649414,6
2023-03-17,168872.11262512207,49201.176040649414,6
2023-03-20,168138.42317199707,49201.176040649414,6
2023-03-21,169593.29957580566,32861.62562561035,7
2023-03-22,170343.23316955566,19209.42543029785,8
2023-03-23,169900.32899475098,19209.42543029785,8
2023-03-24,168936.94319152832,19209.42543029785,8
2023-03-27,168983.90803527832,19209.42543029785,8
2023-03-28,168810.47242736816,4241.425430297852,9
2023-03-29,171105.38148498535,4241.425430297852,9
2023-03-31,172770.25813293457,4241.425430297852,9
2023-04-03,173128.24501037598,4241.425430297852,9
2023-04-05,173675.6339263916,4241.425430297852,9
2023-04-06,172519.23023986816,4241.425430297852,9
2023-04-10,172962.72035217285,4241.425430297852,9
2023-04-11,174357.7682647705,4241.425430297852,9
2023-04-12,173766.02278137207,4241.425430297852,9
2023-04-13,173480.07759094238,4241.425430297852,9
2023-04-17,175248.65882873535,4241.425430297852,9
2023-04-18,173979.50648498535,4241.425430297852,9
2023-04-19,174088.87489318848,4241.425430297852,9
2023-04-20,173596.0376739502,4241.425430297852,9
2023-04-21,173609.02680969238,4241.425430297852,9
2023-04-24,176379.6689605713,4241.425430297852,9
2023-04-25,177444.77388000488,4241.425430297852,9
2023-04-26,178806.03620910645,4241.425430297852,9
2023-04-27,179555.22828674316,4241.425430297852,9
2023-04-28,179559.65376281738,4241.425430297852,9
2023-05-02,179563.81855773926,4241.425430297852,9
2023-05-03,179638.28285217285,4241.425430297852,9
2023-05-04,181020.30110168457,4241.425430297852,9
2023-05-05,181811.35047912598,4241.425430297852,9
2023-05-08,183105.4063873291,4241.425430297852,9
2023-05-09,182718.63722229004,4241.425430297852,9
2023-05-10,185985.84516906738,4241.425430297852,9
2023-05-11,186094.25746154785,4241.425430297852,9
2023-05-12,186505.75886535645,4241.425430297852,9
2023-05-15,187900.68629455566,4241.425430297852,9
2023-05-16,189010.52674865723,4241.425430297852,9
2023-05-17,189576.60792541504,4241.425430297852,9
2023-05-18,186884.76515197754,4241.425430297852,9
2023-05-19,187113.2158355713,4241.425430297852,9
2023-05-22,186043.76655578613,4241.425430297852,9
2023-05-23,186298.76527404785,4241.425430297852,9
2023-05-24,186871.98304748535,4241.425430297852,9
2023-05-25,188226.87129211426,4241.425430297852,9
2023-05-26,192592.21565246582,4241.425430297852,9
2023-05-29,193033.11152648926,4241.425430297852,9
2023-05-30,192498.60011291504,4241.425430297852,9
2023-05-31,194194.68586730957,4241.425430297852,9
2023-06-01,192721.4733428955,4241.425430297852,9
2023-06-02,194035.36512756348,4241.425430297852,9
2023-06-05,193920.4690093994,4241.425430297852,9
2023-06-06,194795.22688293457,4241.425430297852,9
2023-06-07,195301.76509094238,4241.425430297852,9
2023-06-08,193006.16200256348,4241.425430297852,9
2023-06-09,192460.20204162598,4241.425430297852,9
2023-06-12,193310.30647277832,4241.425430297852,9
2023-06-13,196181.92176818848,4241.425430297852,9
2023-06-14,196976.9390411377,4241.425430297852,9
2023-06-15,196739.03901672363,4241.425430297852,9
2023-06-16,198094.25508117676,4241.425430297852,9
2023-06-19,198714.12641906738,4241.425430297852,9
2023-06-20,200102.62190246582,4241.425430297852,9
2023-06-21,200079.52015686035,4241.425430297852,9
2023-06-22,196638.22315979004,4241.425430297852,9
2023-06-23,194096.8151397705,4241.425430297852,9
2023-06-26,196013.0548248291,4241.425430297852,9
2023-06-27,196408.7151031494,4241.425430297852,9
2023-06-28,197817.09645080566,4241.425430297852,9
2023-06-30,199103.40663146973,4241.425430297852,9
2023-07-03,201609.87928771973,4241.425430297852,9
2023-07-04,201079.18659973145,4241.425430297852,9
2023-07-05,204040.2815093994,4241.425430297852,9
2023-07-06,203859.628616333,4241.425430297852,9
2023-07-07,203974.5475616455,4241.425430297852,9
2023-07-10,201615.7857208252,4241.425430297852,9
2023-07-11,204023.73384094238,4241.425430297852,9
2023-07-12,205140.68452453613,4241.425430297852,9
2023-07-13,201647.03218078613,4241.425430297852,9
2023-07-14,202082.7296295166,4241.425430297852,9
2023-07-17,202686.98304748535,4241.425430297852,9
2023-07-18,201610.72248840332,4241.425430297852,9
2023-07-19,202890.55458068848,4241.425430297852,9
2023-07-20,201268.3302154541,4241.425430297852,9
2023-07-21,199389.1887359619,4241.425430297852,9
2023-07-24,200514.44258117676,4241.425430297852,9
2023-07-25,199543.38813781738,4241.425430297852,9
2023-07-26,201006.06452941895,4241.425430297852,9
2023-07-27,200459.35969543457,4241.425430297852,9
2023-07-28,202678.45472717285,4241.425430297852,9
2023-07-31,203709.9189605713,4241.425430297852,9
2023-08-01,201888.74183654785,4241.425430297852,9
2023-08-02,199445.2378692627,4241.425430297852,9
2023-08-03,198735.76417541504,4241.425430297852,9
2023-08-04,197688.48878479004,4241.425430297852,9
2023-08-07,197572.74159240723,4241.425430297852,9
2023-08-08,197483.32514953613,4241.425430297852,9
2023-08-09,197924.28663635254,4241.425430297852,9
2023-08-10,196800.5479888916,4241.425430297852,9
2023-08-11,197946.74488830566,4241.425430297852,9
2023-08-14,197151.10969543457,4241.425430297852,9
2023-08-16,197934.44868469238,4241.425430297852,9
2023-08-17,198066.97987365723,4241.425430297852,9
2023-08-18,198677.18074035645,4241.425430297852,9
2023-08-21,199400.48677062988,4241.425430297852,9
2023-08-22,200118.57069396973,4241.425430297852,9
2023-08-23,199464.0401763916,4241.425430297852,9
2023-08-24,199779.91511535645,4241.425430297852,9
2023-08-25,197438.09223937988,4241.425430297852,9
2023-08-28,197916.35835266113,4241.425430297852,9
2023-08-29,199108.4209136963,4241.425430297852,9
2023-08-30,200277.29957580566,4241.425430297852,9
2023-08-31,198978.78010559082,4241.425430297852,9
2023-09-01,199741.31526184082,4241.425430297852,9
2023-09-04,202165.25465393066,4241.425430297852,9
2023-09-05,203486.81037902832,4241.425430297852,9
2023-09-06,203979.812210083,4241.425430297852,9
2023-09-07,203617.61225891113,4241.425430297852,9
2023-09-08,203539.87678527832,4241.425430297852,9
2023-09-11,206481.44148254395,4241.425430297852,9
2023-09-12,203850.82215881348,4241.425430297852,9
2023-09-13,205410.62196350098,4241.425430297852,9
2023-09-14,206405.8477935791,4241.425430297852,9
2023-09-15,206345.07460021973,4241.425430297852,9
2023-09-18,206912.70149230957,4241.425430297852,9
2023-09-20,205344.41383361816,4241.425430297852,9
2023-09-21,203551.82722473145,4241.425430297852,9
2023-09-22,204332.77680969238,4241.425430297852,9
2023-09-25,205128.9630279541,4241.425430297852,9
2023-09-26,206224.46058654785,4241.425430297852,9
2023-09-27,207584.6042022705,4241.425430297852,9
2023-09-28,203161.39265441895,4241.425430297852,9
2023-09-29,204819.525100708,4241.425430297852,9
2023-10-03,204112.96076965332,4241.425430297852,9
2023-10-04,201385.33045959473,4241.425430297852,9
2023-10-05,201642.72200012207,4241.425430297852,9
2023-10-06,203631.09992980957,523.7262115478516,9
2023-10-09,202556.53944396973,523.7262115478516,9
2023-10-10,204268.23908996582,523.7262115478516,9
2023-10-11,203457.9238433838,523.7262115478516,9
2023-10-12,204074.2815093994,523.7262115478516,9
2023-10-13,203234.6851348877,523.7262115478516,9
2023-10-16,203210.59077453613,523.7262115478516,9
2023-10-17,203816.51234436035,523.7262115478516,9
2023-10-18,201436.35859680176,523.7262115478516,9
2023-10-19,202441.32106018066,523.7262115478516,9
2023-10-20,200376.8737335205,523.7262115478516,9
2023-10-23,197572.49085998535,16686.40492248535,8
2023-10-25,195066.9048614502,16686.40492248535,8
2023-10-26,193799.29774475098,16686.40492248535,8
2023-10-27,197979.3105621338,16686.40492248535,8
2023-10-30,198688.7765045166,16686.40492248535,8
2023-10-31,198724.5166168213,16686.40492248535,8
2023-11-01,198746.00630187988,16686.40492248535,8
2023-11-02,200051.60774230957,16686.40492248535,8
2023-11-03,203850.74494934082,16686.40492248535,8
2023-11-06,202315.9756011963,16686.40492248535,8
2023-11-07,204543.35652160645,16686.40492248535,8
2023-11-08,207108.43476867676,16686.40492248535,8
2023-11-09,207324.04121398926,16686.40492248535,8
2023-11-10,207979.6057281494,16686.40492248535,8
2023-11-13,208884.30641174316,16686.40492248535,8
2023-11-15,211789.95307922363,16686.40492248535,8
2023-11-16,214420.41535949707,16686.40492248535,8
2023-11-17,216318.3615875244,16686.40492248535,8
2023-11-20,215093.4133453369,261.40492248535156,9
2023-11-21,214391.91200256348,261.40492248535156,9
2023-11-22,212389.38581848145,261.40492248535156,9
2023-11-23,213821.73182678223,261.40492248535156,9
2023-11-24,213801.53230285645,261.40492248535156,9
2023-11-28,213869.17964172363,261.40492248535156,9
2023-11-29,213794.07063293457,261.40492248535156,9
2023-11-30,216671.37995910645,261.40492248535156,9
2023-12-01,217545.83729553223,261.40492248535156,9
2023-12-04,219941.91835021973,261.40492248535156,9
2023-12-05,220297.04347229004,261.40492248535156,9
2023-12-06,221611.5520172119,261.40492248535156,9
2023-12-07,222051.77571105957,261.40492248535156,9
2023-12-08,221693.9517364502,261.40492248535156,9
2023-12-11,226773.80683898926,261.40492248535156,9
2023-12-12,224559.24226379395,261.40492248535156,9
2023-12-13,226584.82398986816,261.40492248535156,9
2023-12-14,228961.09852600098,261.40492248535156,9
2023-12-15,230229.7940826416,261.40492248535156,9
2023-12-18,231576.18550109863,261.40492248535156,9
2023-12-19,233887.69856262207,261.40492248535156,9
2023-12-20,232493.95497131348,261.40492248535156,9
2023-12-21,236744.63398742676,261.40492248535156,9
2023-12-22,235646.04774475098,261.40492248535156,9
2023-12-26,238014.4595489502,261.40492248535156,9
2023-12-27,239201.30445861816,261.40492248535156,9
2023-12-28,239329.92250061035,261.40492248535156,9
2023-12-29,238848.1739654541,261.40492248535156,9
2024-01-01,240234.6275177002,261.40492248535156,9
2024-01-02,238526.12422180176,261.40492248535156,9
2024-01-03,239290.13911437988,261.40492248535156,9
2024-01-04,242289.74629211426,261.40492248535156,9
2024-01-05,242292.09858703613,261.40492248535156,9
2024-01-08,237880.95753479004,261.40492248535156,9
2024-01-09,241058.28895568848,261.40492248535156,9
2024-01-10,240076.76985168457,261.40492248535156,9
2024-01-11,243002.38050842285,261.40492248535156,9
2024-01-12,242665.90083312988,261.40492248535156,9
2024-01-15,243107.79139709473,261.40492248535156,9
2024-01-16,242358.9380645752,261.40492248535156,9
2024-01-17,238768.91664123535,261.40492248535156,9
2024-01-18,239171.0673980713,261.40492248535156,9
2024-01-19,244020.0704498291,261.40492248535156,9
2024-01-23,240635.65174865723,261.40492248535156,9
2024-01-24,242308.07038879395,261.40492248535156,9
2024-01-25,240433.9278717041,261.40492248535156,9
2024-01-29,244449.4874420166,261.40492248535156,9
2024-01-30,242284.93635559082,261.40492248535156,9
2024-01-31,247515.62648010254,261.40492248535156,9
2024-02-01,247718.50868225098,261.40492248535156,9
2024-02-02,248616.6015777588,261.40492248535156,9
2024-02-05,249902.8579864502,261.40492248535156,9
2024-02-06,251255.59651184082,261.40492248535156,9
2024-02-07,251550.07691955566,261.40492248535156,9
2024-02-08,255325.52333068848,261.40492248535156,9
2024-02-09,257962.1828765869,2637.481948852539,9
2024-02-12,256352.6192779541,2637.481948852539,9
2024-02-13,258492.08351135254,2637.481948852539,9
2024-02-14,263026.3642730713,2637.481948852539,9
2024-02-15,263687.85401916504,2637.481948852539,9
2024-02-16,263480.54640197754,2637.481948852539,9
2024-02-19,263411.8069000244,2637.481948852539,9
2024-02-20,263998.0334625244,2637.481948852539,9
2024-02-21,267609.7119293213,2637.481948852539,9
2024-02-22,273037.31715393066,2637.481948852539,9
2024-02-23,273097.48121643066,2637.481948852539,9
2024-02-26,272170.62965393066,2637.481948852539,9
2024-02-27,270095.58253479004,2637.481948852539,9
2024-02-28,262999.6757965088,2637.481948852539,9
2024-02-29,264791.03761291504,2637.481948852539,9
2024-03-01,267206.07008361816,2637.481948852539,9
2024-03-04,270624.03883361816,2637.481948852539,9
2024-03-05,270766.3545074463,2637.481948852539,9
2024-03-06,271900.21534729004,2637.481948852539,9
2024-03-07,272662.3264312744,2637.481948852539,9
2024-03-11,272903.0351715088,2637.481948852539,9
2024-03-12,270394.6045074463,2637.481948852539,9
2024-03-13,263002.98902893066,2637.481948852539,9
2024-03-14,267524.0673980713,2637.481948852539,9
2024-03-15,269487.7102203369,2637.481948852539,9
2024-03-18,269469.01319885254,2637.481948852539,9
2024-03-19,265802.03199768066,2637.481948852539,9
2024-03-20,267005.1916656494,2637.481948852539,9
2024-03-21,272021.1287994385,2637.481948852539,9
2024-03-22,276660.14112854004,2637.481948852539,9
2024-03-26,276934.21070861816,2637.481948852539,9
2024-03-27,274351.18116760254,2637.481948852539,9
2024-03-28,277545.4699859619,2637.481948852539,9
2024-04-01,279409.41065979004,2637.481948852539,9
2024-04-02,281571.11476135254,2637.481948852539,9
2024-04-03,285249.8899078369,2637.481948852539,9
2024-04-04,285000.4553375244,2637.481948852539,9
2024-04-05,284228.8313140869,2637.481948852539,9
2024-04-08,281701.46949768066,2637.481948852539,9
2024-04-09,279483.7004547119,2637.481948852539,9
2024-04-10,281032.2959136963,2637.481948852539,9
2024-04-12,278767.9775543213,2637.481948852539,9
2024-04-15,275317.26905822754,2637.481948852539,9
2024-04-16,275366.16273498535,2637.481948852539,9
2024-04-18,274298.0625152588,2637.481948852539,9
2024-04-19,272635.6272125244,2637.481948852539,9
2024-04-22,277961.7480621338,2637.481948852539,9
2024-04-23,277793.11109924316,2637.481948852539,9
2024-04-24,280669.16969299316,2637.481948852539,9
2024-04-25,283292.2619781494,2637.481948852539,9
2024-04-26,283456.01319885254,2637.481948852539,9
2024-04-29,286587.14796447754,2637.481948852539,9
2024-04-30,288674.8156890869,2637.481948852539,9
2024-05-02,290488.74562072754,2637.481948852539,9
2024-05-03,290929.81324768066,2637.481948852539,9
2024-05-06,289682.7473297119,2637.481948852539,9
2024-05-07,282559.7502593994,2637.481948852539,9
2024-05-08,287941.5556793213,2637.481948852539,9
2024-05-09,283872.0012359619,2637.481948852539,9
2024-05-10,284726.4572906494,2637.481948852539,9
2024-05-13,289963.7971343994,2637.481948852539,9
2024-05-14,292031.50440979004,2637.481948852539,9
2024-05-15,293342.84132385254,2637.481948852539,9
2024-05-16,294236.0800933838,2637.481948852539,9
2024-05-17,298801.1816558838,2637.481948852539,9
2024-05-21,301310.92921447754,2637.481948852539,9
2024-05-22,302144.67726135254,2637.481948852539,9
2024-05-23,304895.17164611816,2637.481948852539,9
2024-05-24,303394.50660705566,2637.481948852539,9
2024-05-27,303289.04444885254,2637.481948852539,9
2024-05-28,298606.80445861816,2637.481948852539,9
2024-05-29,295391.0969390869,2637.481948852539,9
2024-05-30,292706.95753479004,2637.481948852539,9
2024-05-31,293371.2988433838,2637.481948852539,9
2024-06-03,309172.05323791504,2637.481948852539,9
2024-06-04,280248.13819885254,2637.481948852539,9
2024-06-05,290804.1289215088,2637.481948852539,9
2024-06-06,295886.0429840088,2637.481948852539,9
2024-06-07,300796.3193511963,2637.481948852539,9
2024-06-10,303725.9504547119,2637.481948852539,9
2024-06-11,304862.0332183838,2637.481948852539,9
2024-06-12,309108.92945861816,2637.481948852539,9
2024-06-13,312523.0002593994,2637.481948852539,9
2024-06-14,320576.98512268066,2637.481948852539,9
2024-06-18,319965.1418609619,2637.481948852539,9
2024-06-19,316086.5363922119,2637.481948852539,9
2024-06-20,316274.23585510254,2637.481948852539,9
2024-06-21,314320.3547515869,2637.481948852539,9
2024-06-24,317101.23097229004,2637.481948852539,9
2024-06-25,316918.8703765869,2637.481948852539,9
2024-06-26,317302.90309143066,2637.481948852539,9
2024-06-27,321592.3176422119,2637.481948852539,9
2024-06-28,318786.63233947754,2637.481948852539,9
2024-07-01,318711.92433166504,2637.481948852539,9
2024-07-02,318520.5910797119,2637.481948852539,9
2024-07-03,324471.81007385254,2637.481948852539,9
2024-07-04,330667.8703765869,2637.481948852539,9
2024-07-05,331590.9885406494,2637.481948852539,9
2024-07-08,326664.00538635254,2637.481948852539,9
2024-07-09,326572.9807281494,2637.481948852539,9
2024-07-10,326278.3681793213,2637.481948852539,9
2024-07-11,324706.91285705566,2637.481948852539,9
2024-07-12,320688.42945861816,2637.481948852539,9
2024-07-15,324805.6721343994,2637.481948852539,9
2024-07-16,321618.8847808838,2637.481948852539,9
2024-07-18,316687.4437408447,2637.481948852539,9
2024-07-19,307350.86280822754,2637.481948852539,9
2024-07-22,310273.7561187744,2637.481948852539,9
2024-07-23,306781.05738830566,2637.481948852539,9
2024-07-24,307668.9308013916,2637.481948852539,9
2024-07-25,308067.72535705566,2637.481948852539,9
2024-07-26,316837.3360748291,2637.481948852539,9
2024-07-29,320266.1477203369,2637.481948852539,9
2024-07-30,314883.9951324463,2637.481948852539,9
2024-07-31,314631.7959136963,2637.481948852539,9
2024-08-01,312879.38063049316,2637.481948852539,9
2024-08-02,306141.51918029785,2637.481948852539,9
2024-08-05,298905.483291626,2637.481948852539,9
2024-08-06,296861.0684967041,58677.08265686035,7
2024-08-07,304731.8233795166,58677.08265686035,7
2024-08-08,302635.102432251,58677.08265686035,7
2024-08-09,304037.471572876,58677.08265686035,7
2024-08-12,300090.202041626,29218.49183654785,8
2024-08-13,299314.9726715088,29218.49183654785,8
2024-08-14,298605.2423248291,29218.49183654785,8
2024-08-16,300558.5506744385,29218.49183654785,8
2024-08-19,304813.37171936035,2692.4918365478516,9
2024-08-20,305756.55030822754,2692.4918365478516,9
2024-08-21,308426.2227935791,2692.4918365478516,9
2024-08-22,310810.53187561035,2692.4918365478516,9
2024-08-23,310823.88453674316,2692.4918365478516,9
2024-08-26,310550.00563049316,2692.4918365478516,9
2024-08-27,309239.0334625244,2692.4918365478516,9
2024-08-28,307222.25172424316,2692.4918365478516,9
2024-08-29,306248.7921295166,2692.4918365478516,9
2024-08-30,308542.020401001,2692.4918365478516,9
2024-09-02,310947.15211486816,2692.4918365478516,9
2024-09-03,310132.5018463135,2692.4918365478516,9
2024-09-04,312095.7816314697,2692.4918365478516,9
2024-09-05,309579.47315979004,2692.4918365478516,9
2024-09-06,307313.86793518066,2692.4918365478516,9
2024-09-09,306744.56300354004,2692.4918365478516,9
2024-09-10,307324.0713043213,2692.4918365478516,9
2024-09-11,310523.1986236572,2692.4918365478516,9
2024-09-12,315542.9122467041,2692.4918365478516,9
2024-09-13,314842.9843902588,2692.4918365478516,9
2024-09-16,311035.66188049316,2692.4918365478516,9
2024-09-17,314963.42164611816,2692.4918365478516,9
2024-09-18,312836.854385376,2692.4918365478516,9
2024-09-19,311787.6563873291,2692.4918365478516,9
2024-09-20,316105.02210998535,2692.4918365478516,9
2024-09-23,318053.37770080566,2692.4918365478516,9
2024-09-24,318185.05836486816,2692.4918365478516,9
2024-09-25,316995.23207092285,2692.4918365478516,9
2024-09-26,317821.11964416504,2692.4918365478516,9
2024-09-27,316169.57093811035,2692.4918365478516,9
2024-09-30,313387.80836486816,2692.4918365478516,9
2024-10-01,315990.61109924316,2692.4918365478516,9
2024-10-03,308244.32106018066,2692.4918365478516,9
2024-10-04,302555.74586486816,2692.4918365478516,9
2024-10-07,296015.5179595947,2692.4918365478516,9
2024-10-08,301563.7003326416,65367.29042053223,8
2024-10-09,303714.5604400635,65367.29042053223,8
2024-10-10,303480.00563049316,35253.29042053223,9
2024-10-11,302251.28077697754,35253.29042053223,9
2024-10-14,303706.4679107666,5716.489639282227,10
2024-10-15,304431.61695861816,5716.489639282227,10
2024-10-16,306019.57008361816,5716.489639282227,10
2024-10-17,302872.9022369385,5716.489639282227,10
2024-10-18,304071.207901001,5716.489639282227,10
2024-10-21,299300.97035217285,5716.489639282227,10
2024-10-22,295293.918838501,5716.489639282227,10
2024-10-23,292798.31617736816,29714.090225219727,9
2024-10-24,290970.0814361572,29714.090225219727,9
2024-10-25,289765.0257720947,29714.090225219727,9
2024-10-28,289404.7923736572,29714.090225219727,9
2024-10-29,290438.9874420166,29714.090225219727,9
2024-10-30,290031.43727111816,29714.090225219727,9
2024-10-31,286199.9941558838,56144.689712524414,8
2024-11-01,286995.18995666504,56144.689712524414,8
2024-11-04,285265.7402496338,56144.689712524414,8
2024-11-05,285291.83863830566,56144.689712524414,8
2024-11-06,289904.23902893066,56144.689712524414,8
2024-11-07,288515.39015197754,56144.689712524414,8
2024-11-08,290125.5381011963,56144.689712524414,8
2024-11-11,291192.38941955566,56144.689712524414,8
2024-11-12,287126.89137268066,56144.689712524414,8
2024-11-13,282439.6897125244,83904.68971252441,7
2024-11-14,284424.03761291504,83904.68971252441,7
2024-11-18,281799.7431793213,83904.68971252441,7
2024-11-19,282585.3398590088,83904.68971252441,7
2024-11-21,282904.6389312744,83904.68971252441,7
2024-11-22,286866.88844299316,83904.68971252441,7
2024-11-25,289423.84034729004,83904.68971252441,7
2024-11-26,289167.33863830566,83904.68971252441,7
2024-11-27,289129.9922027588,83904.68971252441,7
2024-11-28,289238.33839416504,83904.68971252441,7
2024-11-29,289167.89210510254,83904.68971252441,7
2024-12-02,290469.48902893066,83904.68971252441,7
2024-12-03,292651.5381011963,83904.68971252441,7
2024-12-04,294076.5393218994,83904.68971252441,7
2024-12-05,295359.2382965088,83904.68971252441,7
2024-12-06,294855.08766174316,83904.68971252441,7
2024-12-09,296371.7900543213,83904.68971252441,7
2024-12-10,296252.1894683838,83904.68971252441,7
2024-12-11,297789.69117736816,83904.68971252441,7
2024-12-12,297441.3906402588,83904.68971252441,7
2024-12-13,297136.0420074463,83904.68971252441,7
2024-12-16,297356.9904937744,83904.68971252441,7
2024-12-17,295948.18995666504,83904.68971252441,7
2024-12-18,294978.59156799316,83904.68971252441,7
2024-12-19,292203.58644104004,83904.68971252441,7
2024-12-20,286521.6877593994,83904.68971252441,7
2024-12-23,287852.99098205566,83904.68971252441,7
2024-12-24,289406.98805236816,83904.68971252441,7
2024-12-26,289869.4904937744,83904.68971252441,7
2024-12-27,289147.3388824463,83904.68971252441,7
2024-12-30,290015.3352203369,119926.38917541504,6
2024-12-31,287949.03663635254,158043.78761291504,5
2025-01-01,287993.43531799316,158043.78761291504,5
2025-01-02,290382.33644104004,158043.78761291504,5
2025-01-03,288283.23780822754,158043.78761291504,5
2025-01-06,286992.53858947754,158043.78761291504,5
2025-01-07,286528.83766174316,158043.78761291504,5
2025-01-08,285683.9365386963,158043.78761291504,5
2025-01-09,284703.0390777588,158043.78761291504,5
2025-01-10,285162.5363922119,158043.78761291504,5
2025-01-13,282126.5891265869,158043.78761291504,5
2025-01-14,279217.3379058838,179183.78761291504,4
2025-01-15,280335.93702697754,179183.78761291504,4
2025-01-16,280481.1369781494,179183.78761291504,4
2025-01-17,279780.08839416504,179183.78761291504,4
2025-01-20,280131.93629455566,179183.78761291504,4
2025-01-21,279902.6377105713,179183.78761291504,4
2025-01-22,281989.58644104004,179183.78761291504,4
2025-01-23,282096.1379547119,179183.78761291504,4
2025-01-24,281699.6367340088,179183.78761291504,4
2025-01-27,278817.93824768066,179183.78761291504,4
2025-01-28,278131.5373687744,179183.78761291504,4
2025-01-29,279787.08668518066,206319.78761291504,3
2025-01-30,279267.63648986816,206319.78761291504,3
2025-01-31,280010.7871246338,206319.78761291504,3
2025-02-01,279986.2883453369,206319.78761291504,3
2025-02-03,280910.33644104004,206319.78761291504,3
2025-02-04,280030.9882965088,206319.78761291504,3
2025-02-05,279815.5381011963,206319.78761291504,3
2025-02-06,279844.1379547119,206319.78761291504,3
2025-02-07,279691.5373687744,206319.78761291504,3
2025-02-10,280232.8388824463,206319.78761291504,3
2025-02-11,278342.83668518066,206319.78761291504,3
2025-02-12,279366.38624572754,225368.5879058838,2
2025-02-13,279809.28956604004,225368.5879058838,2
2025-02-14,279382.78785705566,225368.5879058838,2
2025-02-17,279364.98780822754,225368.5879058838,2
2025-02-18,280046.8886871338,225368.5879058838,2
2025-02-19,279177.18800354004,225368.5879058838,2
2025-02-20,280118.48707580566,225368.5879058838,2
2025-02-21,279475.2871246338,225368.5879058838,2
2025-02-24,278418.88624572754,225368.5879058838,2
2025-02-25,277343.78663635254,225368.5879058838,2
2025-02-27,278094.3886871338,225368.5879058838,2
2025-02-28,275298.58668518066,225368.5879058838,2
2025-03-03,275062.0879058838,252368.5879058838,1
2025-03-04,274786.8886871338,252368.5879058838,1
2025-03-05,275488.5879058838,252368.5879058838,1
2025-03-06,275092.4882965088,252368.5879058838,1
2025-03-07,275918.4882965088,252368.5879058838,1
2025-03-10,275642.9882965088,252368.5879058838,1
2025-03-11,275137.6875152588,252368.5879058838,1
2025-03-12,275285.1875152588,252368.5879058838,1
2025-03-13,275008.9882965088,252368.5879058838,1
2025-03-17,275501.7871246338,252368.5879058838,1
2025-03-18,275501.7871246338,252368.5879058838,1
2025-03-19,276108.6875152588,252368.5879058838,1
2025-03-20,276365.9882965088,252368.5879058838,1
2025-03-21,276915.6875152588,252368.5879058838,1
2025-03-24,277239.5879058838,252368.5879058838,1
2025-03-25,277420.68727111816,224773.4885406494,2
2025-03-26,277439.28688049316,224773.4885406494,2
2025-03-27,277252.0881500244,224773.4885406494,2
2025-03-28,277190.03785705566,199023.98902893066,3
2025-04-01,275449.38941955566,199023.98902893066,3
2025-04-02,274848.8388824463,199023.98902893066,3
2025-04-03,274186.99000549316,199023.98902893066,3
2025-04-04,273681.7893218994,199023.98902893066,3
2025-04-07,269714.48890686035,199023.98902893066,3
2025-04-08,271115.83741760254,223707.08839416504,2
2025-04-09,271860.43800354004,223707.08839416504,2
2025-04-11,272026.8896636963,223707.08839416504,2
2025-04-15,273639.08839416504,223707.08839416504,2
2025-04-16,273365.58839416504,201511.08839416504,3
2025-04-17,275323.2376861572,174222.08839416504,4
2025-04-21,277668.9392852783,120455.78871154785,6
2025-04-22,276948.93800354004,94073.38832092285,7
2025-04-23,277009.24055480957,94073.38832092285,7
2025-04-24,275612.1884918213,94073.38832092285,7
2025-04-25,273029.9885406494,94073.38832092285,7
2025-04-28,274023.3886871338,94073.38832092285,7
2025-04-29,272806.8886871338,94073.38832092285,7
2025-04-30,270099.58839416504,42561.78871154785,9
2025-05-02,269505.83796691895,42561.78871154785,9
2025-05-05,273448.0892486572,42561.78871154785,9
2025-05-06,271269.6385650635,42561.78871154785,9
2025-05-07,271003.58906555176,42561.78871154785,9
2025-05-08,267494.73793029785,42561.78871154785,9
2025-05-09,265806.1380767822,42561.78871154785,9
2025-05-12,273848.7851715088,42561.78871154785,9
2025-05-13,273446.08882141113,42561.78871154785,9
2025-05-14,274759.18745422363,15441.788711547852,10
2025-05-15,279659.1886138916,15441.788711547852,10
2025-05-16,284880.237197876,15441.788711547852,10
2025-05-19,285457.93824768066,15441.788711547852,10
2025-05-20,279697.13801574707,15441.788711547852,10
2025-05-21,285354.0891265869,15441.788711547852,10
2025-05-22,286870.6385040283,15441.788711547852,10
2025-05-23,289639.0886993408,15441.788711547852,10
2025-05-26,292028.2882232666,15441.788711547852,10
2025-05-27,291214.9397125244,15441.788711547852,10
2025-05-28,291563.64015197754,15441.788711547852,10
2025-05-29,291162.13844299316,15441.788711547852,10
2025-05-30,288568.8404083252,15441.788711547852,10
2025-06-02,288298.73835754395,15441.788711547852,10
2025-06-03,287900.39070129395,15441.788711547852,10
2025-06-04,287764.2870025635,15441.788711547852,10
2025-06-05,289385.3885040283,15441.788711547852,10
2025-06-06,292248.53688049316,15441.788711547852,10
2025-06-09,294480.64167785645,15441.788711547852,10
2025-06-10,294208.8379058838,15441.788711547852,10
2025-06-11,292218.2888946533,15441.788711547852,10
2025-06-12,289185.18672180176,15441.788711547852,10
2025-06-13,287749.88887023926,15441.788711547852,10
2025-06-16,290027.68977355957,15441.788711547852,10
2025-06-17,289779.5865020752,15441.788711547852,10
2025-06-18,289069.9389190674,15441.788711547852,10
2025-06-19,287302.5394439697,15441.788711547852,10
2025-06-20,290766.6361236572,15441.788711547852,10
2025-06-23,292969.6881866455,15441.788711547852,10
2025-06-24,294650.03718566895,15441.788711547852,10
2025-06-25,293105.68898010254,15441.788711547852,10
2025-06-26,295788.289932251,15441.788711547852,10
2025-06-27,298985.2377471924,15441.788711547852,10
2025-06-30,300846.6400299072,15441.788711547852,10
2025-07-01,300662.43977355957,15441.788711547852,10
2025-07-02,298106.89015197754,15441.788711547852,10
2025-07-03,295636.3385772705,15441.788711547852,10
2025-07-04,296337.23890686035,15441.788711547852,10
2025-07-07,294911.79011535645,15441.788711547852,10
2025-07-08,295050.3881378174,15441.788711547852,10
2025-07-09,295697.4882965088,15441.788711547852,10
2025-07-10,293400.58863830566,15441.788711547852,10
2025-07-11,290486.6368560791,15441.788711547852,10
2025-07-14,289812.78858947754,15441.788711547852,10
2025-07-15,291663.9398345947,15441.788711547852,10
2025-07-16,291082.1397857666,15441.788711547852,10
2025-07-17,289376.9398956299,15441.788711547852,10
2025-07-18,286931.6892852783,15441.788711547852,10
2025-07-21,289334.3397369385,15441.788711547852,10
2025-07-22,289240.7388458252,15441.788711547852,10
2025-07-23,288981.838760376,15441.788711547852,10
2025-07-24,288540.58949279785,15441.788711547852,10
2025-07-25,284619.3910675049,15441.788711547852,10
2025-07-28,282752.03981018066,15441.788711547852,10
2025-07-29,282944.58711242676,15441.788711547852,10
2025-07-30,282786.0897369385,15441.788711547852,10
2025-07-31,281877.5877838135,15441.788711547852,10
2025-08-01,278885.889541626,38521.78871154785,9
2025-08-04,281561.48609924316,38521.78871154785,9
2025-08-05,282760.6890411377,38521.78871154785,9
2025-08-06,282422.539932251,38521.78871154785,9
2025-08-07,282375.78999328613,38521.78871154785,9
2025-08-08,279096.13899230957,38521.78871154785,9
2025-08-11,281994.68843078613,38521.78871154785,9
2025-08-12,279925.239944458,38521.78871154785,9
2025-08-13,282834.4415435791,38521.78871154785,9
2025-08-14,283579.03730773926,12336.189102172852,10
2025-08-18,287230.18867492676,12336.189102172852,10
2025-08-19,284350.1372833252,12336.189102172852,10
2025-08-20,283640.4884185791,12336.189102172852,10
2025-08-21,284458.79054260254,12336.189102172852,10
2025-08-22,283396.0904083252,12336.189102172852,10
2025-08-25,282956.6363067627,12336.189102172852,10
2025-08-26,279225.5899810791,12336.189102172852,10
2025-08-28,274844.2896270752,12336.189102172852,10
2025-08-29,273355.28883361816,18614.18910217285,10
2025-09-01,276228.2871246338,18614.18910217285,10
2025-09-02,275766.68898010254,18614.18910217285,10
2025-09-03,278724.54011535645,18614.18910217285,10
2025-09-04,279792.5384674072,18614.18910217285,10
2025-09-05,280796.59046936035,18614.18910217285,10
2025-09-08,282043.58839416504,18614.18910217285,10
2025-09-09,283871.6408843994,18614.18910217285,10
2025-09-10,284366.1878814697,18614.18910217285,10
2025-09-11,284009.78804016113,18614.18910217285,10
2025-09-12,288015.38606262207,18614.18910217285,10
2025-09-15,287261.14057922363,18614.18910217285,10
2025-09-16,289991.6380767822,18614.18910217285,10
2025-09-17,291451.588760376,18614.18910217285,10
2025-09-18,291046.2873687744,18614.18910217285,10
2025-09-19,289528.78981018066,18614.18910217285,10
2025-09-22,289121.8893585205,18614.18910217285,10
2025-09-23,288913.6908721924,18614.18910217285,10
2025-09-24,286775.73738098145,18614.18910217285,10
2025-09-25,285934.33851623535,18614.18910217285,10
2025-09-26,281945.6371612549,18614.18910217285,10
2025-09-29,281921.68940734863,18614.18910217285,10
2025-09-30,280898.1894683838,44334.48817443848,9
2025-10-01,281819.73695373535,41106.08729553223,9
2025-10-03,283468.73695373535,41106.08729553223,9
2025-10-06,284835.43745422363,41106.08729553223,9
2025-10-07,284971.5859527588,41106.08729553223,9
2025-10-08,282835.3872833252,41106.08729553223,9
2025-10-09,284462.0850982666,41106.08729553223,9
2025-10-10,285209.4882965088,41106.08729553223,9
2025-10-13,284769.5871734619,41106.08729553223,9
2025-10-14,283485.63734436035,41106.08729553223,9
2025-10-15,285905.7386627197,41106.08729553223,9
2025-10-16,288353.83448791504,41106.08729553223,9
2025-10-17,289215.63496398926,12995.587295532227,10
2025-10-20,290508.9381866455,12995.587295532227,10
2025-10-21,291306.489944458,12995.587295532227,10
2025-10-23,290082.6889190674,12995.587295532227,10
2025-10-24,290075.03675842285,12995.587295532227,10
2025-10-27,290887.5359649658,12995.587295532227,10
2025-10-28,290212.2370147705,12995.587295532227,10
2025-10-29,290255.0381011963,12995.587295532227,10
2025-10-30,289138.239151001,12995.587295532227,10
2025-10-31,288956.88679504395,12995.587295532227,10
2025-11-03,289511.43702697754,12995.587295532227,10
2025-11-04,286282.0371246338,12995.587295532227,10
2025-11-06,283600.63819885254,12995.587295532227,10
2025-11-07,285529.7896270752,12995.587295532227,10
2025-11-10,285268.9885406494,12995.587295532227,10
2025-11-11,288007.98823547363,12995.587295532227,10
2025-11-12,289753.98902893066,12995.587295532227,10
2025-11-13,289444.73683166504,12995.587295532227,10
2025-11-14,289725.38844299316,12995.587295532227,10
2025-11-17,290734.33686828613,12995.587295532227,10
2025-11-18,288187.5377960205,12995.587295532227,10
2025-11-19,288566.08644104004,12995.587295532227,10
2025-11-20,291324.83656311035,12995.587295532227,10
2025-11-21,289286.9383087158,12995.587295532227,10
2025-11-24,287074.7393951416,12995.587295532227,10
2025-11-25,287049.48628234863,12995.587295532227,10
2025-11-26,291085.8849029541,11065.286880493164,10
2025-11-27,290914.78480529785,11065.286880493164,10
2025-11-28,291007.1887359619,11065.286880493164,10
2025-12-01,291292.3867340088,11065.286880493164,10
2025-12-02,289144.7837677002,11065.286880493164,10
2025-12-03,286572.98487854004,11065.286880493164,10
2025-12-04,286097.286819458,11065.286880493164,10
2025-12-05,289052.9881134033,11065.286880493164,10
2025-12-08,283589.5850982666,36615.286880493164,9
2025-12-09,283688.8867340088,36615.286880493164,9
2025-12-10,283649.28718566895,36615.286880493164,9
2025-12-11,285128.68672180176,36615.286880493164,9
2025-12-12,287402.66118621826,8059.157386779789,10
2025-12-15,285744.9239273071,8059.157386779789,10
2025-12-16,283761.54803466797,8059.157386779789,10
2025-12-17,284072.17795562744,8059.157386779789,10
2025-12-18,283521.51042175293,8059.157386779789,10
2025-12-19,287180.5209655762,8059.157386779789,10
2025-12-22,290291.5269088745,8059.157386779789,10
2025-12-23,290868.2343902588,8059.157386779789,10
2025-12-24,291434.968208313,8059.157386779789,10
2025-12-26,290411.1887512207,8059.157386779789,10
2025-12-29,288417.83852386475,8059.157386779789,10
2025-12-30,290574.4086074829,8059.157386779789,10
2025-12-31,293055.2405166626,8059.157386779789,10
2026-01-01,295353.64866638184,8059.157386779789,10
2026-01-02,297475.0355529785,8059.157386779789,10
2026-01-05,298318.7251968384,8059.157386779789,10
2026-01-06,297896.16902923584,8059.157386779789,10
2026-01-07,296147.4574279785,8059.157386779789,10
2026-01-08,292761.6894607544,6023.8979568481445,10
2026-01-09,290371.0987930298,6023.8979568481445,10
2026-01-12,291111.78845214844,6023.8979568481445,10
2026-01-13,291391.4374847412,6023.8979568481445,10
2026-01-14,293785.73853302,6023.8979568481445,10
2026-01-15,293785.73853302,6023.8979568481445,10
2026-01-16,292153.57846069336,6023.8979568481445,10
2026-01-19,292882.9155807495,6023.8979568481445,10
2026-01-20,286913.1355667114,6023.8979568481445,10
2026-01-21,286452.47747039795,57629.89734649658,8
2026-01-22,289072.9666366577,57629.89734649658,8
2026-01-23,286796.6878051758,57629.89734649658,8
2026-01-27,287623.1577835083,57629.89734649658,8
2026-01-28,293809.4157562256,57629.89734649658,8
2026-01-29,294284.13705444336,28379.897346496582,9
2026-01-30,292263.7162475586,42881.89734649658,8
2026-02-02,286675.6370010376,15634.397346496582,9
2026-02-03,293221.60723876953,15634.397346496582,9
2026-02-04,295119.20935058594,15634.397346496582,9
2026-02-05,293252.56646728516,15634.397346496582,9
2026-02-06,293182.60858154297,15634.397346496582,9
2026-02-09,298639.82445526123,15634.397346496582,9
2026-02-10,300602.52422332764,15634.397346496582,9
2026-02-11,302959.9986038208,15634.397346496582,9
2026-02-12,305397.08211517334,15634.397346496582,9
2026-02-13,300472.2033004761,15634.397346496582,9
2026-02-16,302699.39865875244,15634.397346496582,9
2026-02-17,303380.8483505249,15634.397346496582,9
2026-02-18,305701.40811920166,15634.397346496582,9
2026-02-19,300631.69872283936,15634.397346496582,9
2026-02-20,303497.59854888916,15634.397346496582,9
2026-02-23,304988.2972793579,15634.397346496582,9
2026-02-24,305415.65326690674,15634.397346496582,9
2026-02-25,308982.1808242798,15634.397346496582,9
2026-02-26,311843.44411468506,15634.397346496582,9
2026-02-27,307298.6664047241,15634.397346496582,9
2026-03-02,304169.3583755493,15634.397346496582,9
2026-03-04,294815.4692687988,41554.39734649658,8
2026-03-05,299933.47689056396,41554.39734649658,8
2026-03-06,297766.13847351074,41554.39734649658,8
2026-03-09,290157.078125,41554.39734649658,8
2026-03-10,298409.9684371948,67529.2978591919,7
2026-03-11,294130.96533966064,67529.2978591919,7
2026-03-12,294266.08586883545,67529.2978591919,7
2026-03-13,284007.3981628418,67529.2978591919,7
2026-03-16,283484.73974609375,67529.2978591919,7
2026-03-17,286899.0013961792,67529.2978591919,7
2026-03-18,289434.62616729736,67529.2978591919,7
2026-03-19,280299.96604156494,67529.2978591919,7
2026-03-20,281375.0375137329,67529.2978591919,7
2026-03-23,270647.78646087646,67529.2978591919,7
2026-03-24,275465.3395462036,120917.7978591919,5
2026-03-25,279403.84101104736,120917.7978591919,5
2026-03-27,275704.557762146,120917.7978591919,5
2026-03-30,272465.3958053589,120917.7978591919,5
2026-04-01,277550.7780685425,120917.7978591919,5
2026-04-02,277972.8291244507,120917.7978591919,5
2026-04-06,280333.23694610596,120917.7978591919,5
2026-04-07,281941.8573074341,120917.7978591919,5
2026-04-08,289021.8183364868,120917.7978591919,5
2026-04-09,289479.4293899536,93014.59912872314,6
2026-04-10,294325.81003570557,93014.59912872314,6
2026-04-13,292622.15729522705,93014.59912872314,6
2026-04-15,295556.47258758545,93014.59912872314,6
2026-04-16,298762.6311264038,93014.59912872314,6
2026-04-17,301906.7693862915,93014.59912872314,6
2026-04-20,301545.62715911865,63138.99866485596,7
2026-04-21,302341.6141433716,33538.99866485596,8
2026-04-22,306332.30110931396,4327.998664855957,9
2026-04-23,303021.16954803467,4327.998664855957,9
2026-04-24,303125.24854278564,4327.998664855957,9
